{
  "project_info": {
    "project_number": "1000020459416",
    "project_id": "final-project-39557",
    "storage_bucket": "final-project-39557.appspot.com"
  },
  "client": [
    {
      "client_info": {
        "mobilesdk_app_id": "1:1000020459416:android:1cab33d9c9efad309535ed",
        "android_client_info": {
          "package_name": "com.example.finalproject"
        }
      },
      "oauth_client": [],
      "api_key": [
        {
          "current_key": "AIzaSyD4Z59FwyA-_w_yn2bSeR4M4jq-jnCe994"
        }
      ],
      "services": {
        "appinvite_service": {
          "other_platform_oauth_client": []
        }
      }
    }
  ],
  "configuration_version": "1"
}